Time,URL
Hide Latest Messages,https://listserv.liv.ac.uk/javascript:hideTable()
December 2022,https://listserv.liv.ac.uk//cgi-bin/wa?A1=ind2212&L=PHILOS-L
November 2022,https://listserv.liv.ac.uk//cgi-bin/wa?A1=ind2211&L=PHILOS-L
October 2022,https://listserv.liv.ac.uk//cgi-bin/wa?A1=ind2210&L=PHILOS-L
September 2022,https://listserv.liv.ac.uk//cgi-bin/wa?A1=ind2209&L=PHILOS-L
August 2022,https://listserv.liv.ac.uk//cgi-bin/wa?A1=ind2208&L=PHILOS-L
July 2022,https://listserv.liv.ac.uk//cgi-bin/wa?A1=ind2207&L=PHILOS-L
June 2022,https://listserv.liv.ac.uk//cgi-bin/wa?A1=ind2206&L=PHILOS-L
May 2022,https://listserv.liv.ac.uk//cgi-bin/wa?A1=ind2205&L=PHILOS-L
April 2022,https://listserv.liv.ac.uk//cgi-bin/wa?A1=ind2204&L=PHILOS-L
March 2022,https://listserv.liv.ac.uk//cgi-bin/wa?A1=ind2203&L=PHILOS-L
February 2022,https://listserv.liv.ac.uk//cgi-bin/wa?A1=ind2202&L=PHILOS-L
January 2022,https://listserv.liv.ac.uk//cgi-bin/wa?A1=ind2201&L=PHILOS-L
December 2021,https://listserv.liv.ac.uk//cgi-bin/wa?A1=ind2112&L=PHILOS-L
November 2021,https://listserv.liv.ac.uk//cgi-bin/wa?A1=ind2111&L=PHILOS-L
October 2021,https://listserv.liv.ac.uk//cgi-bin/wa?A1=ind2110&L=PHILOS-L
September 2021,https://listserv.liv.ac.uk//cgi-bin/wa?A1=ind2109&L=PHILOS-L
August 2021,https://listserv.liv.ac.uk//cgi-bin/wa?A1=ind2108&L=PHILOS-L
July 2021,https://listserv.liv.ac.uk//cgi-bin/wa?A1=ind2107&L=PHILOS-L
June 2021,https://listserv.liv.ac.uk//cgi-bin/wa?A1=ind2106&L=PHILOS-L
May 2021,https://listserv.liv.ac.uk//cgi-bin/wa?A1=ind2105&L=PHILOS-L
April 2021,https://listserv.liv.ac.uk//cgi-bin/wa?A1=ind2104&L=PHILOS-L
March 2021,https://listserv.liv.ac.uk//cgi-bin/wa?A1=ind2103&L=PHILOS-L
February 2021,https://listserv.liv.ac.uk//cgi-bin/wa?A1=ind2102&L=PHILOS-L
January 2021,https://listserv.liv.ac.uk//cgi-bin/wa?A1=ind2101&L=PHILOS-L
December 2020,https://listserv.liv.ac.uk//cgi-bin/wa?A1=ind2012&L=PHILOS-L
November 2020,https://listserv.liv.ac.uk//cgi-bin/wa?A1=ind2011&L=PHILOS-L
October 2020,https://listserv.liv.ac.uk//cgi-bin/wa?A1=ind2010&L=PHILOS-L
September 2020,https://listserv.liv.ac.uk//cgi-bin/wa?A1=ind2009&L=PHILOS-L
August 2020,https://listserv.liv.ac.uk//cgi-bin/wa?A1=ind2008&L=PHILOS-L
July 2020,https://listserv.liv.ac.uk//cgi-bin/wa?A1=ind2007&L=PHILOS-L
June 2020,https://listserv.liv.ac.uk//cgi-bin/wa?A1=ind2006&L=PHILOS-L
May 2020,https://listserv.liv.ac.uk//cgi-bin/wa?A1=ind2005&L=PHILOS-L
April 2020,https://listserv.liv.ac.uk//cgi-bin/wa?A1=ind2004&L=PHILOS-L
March 2020,https://listserv.liv.ac.uk//cgi-bin/wa?A1=ind2003&L=PHILOS-L
February 2020,https://listserv.liv.ac.uk//cgi-bin/wa?A1=ind2002&L=PHILOS-L
January 2020,https://listserv.liv.ac.uk//cgi-bin/wa?A1=ind2001&L=PHILOS-L
December 2019,https://listserv.liv.ac.uk//cgi-bin/wa?A1=ind1912&L=PHILOS-L
November 2019,https://listserv.liv.ac.uk//cgi-bin/wa?A1=ind1911&L=PHILOS-L
October 2019,https://listserv.liv.ac.uk//cgi-bin/wa?A1=ind1910&L=PHILOS-L
September 2019,https://listserv.liv.ac.uk//cgi-bin/wa?A1=ind1909&L=PHILOS-L
August 2019,https://listserv.liv.ac.uk//cgi-bin/wa?A1=ind1908&L=PHILOS-L
July 2019,https://listserv.liv.ac.uk//cgi-bin/wa?A1=ind1907&L=PHILOS-L
June 2019,https://listserv.liv.ac.uk//cgi-bin/wa?A1=ind1906&L=PHILOS-L
May 2019,https://listserv.liv.ac.uk//cgi-bin/wa?A1=ind1905&L=PHILOS-L
April 2019,https://listserv.liv.ac.uk//cgi-bin/wa?A1=ind1904&L=PHILOS-L
March 2019,https://listserv.liv.ac.uk//cgi-bin/wa?A1=ind1903&L=PHILOS-L
February 2019,https://listserv.liv.ac.uk//cgi-bin/wa?A1=ind1902&L=PHILOS-L
January 2019,https://listserv.liv.ac.uk//cgi-bin/wa?A1=ind1901&L=PHILOS-L
December 2018,https://listserv.liv.ac.uk//cgi-bin/wa?A1=ind1812&L=PHILOS-L
November 2018,https://listserv.liv.ac.uk//cgi-bin/wa?A1=ind1811&L=PHILOS-L
October 2018,https://listserv.liv.ac.uk//cgi-bin/wa?A1=ind1810&L=PHILOS-L
September 2018,https://listserv.liv.ac.uk//cgi-bin/wa?A1=ind1809&L=PHILOS-L
August 2018,https://listserv.liv.ac.uk//cgi-bin/wa?A1=ind1808&L=PHILOS-L
July 2018,https://listserv.liv.ac.uk//cgi-bin/wa?A1=ind1807&L=PHILOS-L
June 2018,https://listserv.liv.ac.uk//cgi-bin/wa?A1=ind1806&L=PHILOS-L
May 2018,https://listserv.liv.ac.uk//cgi-bin/wa?A1=ind1805&L=PHILOS-L
April 2018,https://listserv.liv.ac.uk//cgi-bin/wa?A1=ind1804&L=PHILOS-L
March 2018,https://listserv.liv.ac.uk//cgi-bin/wa?A1=ind1803&L=PHILOS-L
February 2018,https://listserv.liv.ac.uk//cgi-bin/wa?A1=ind1802&L=PHILOS-L
January 2018,https://listserv.liv.ac.uk//cgi-bin/wa?A1=ind1801&L=PHILOS-L
December 2017,https://listserv.liv.ac.uk//cgi-bin/wa?A1=ind1712&L=PHILOS-L
November 2017,https://listserv.liv.ac.uk//cgi-bin/wa?A1=ind1711&L=PHILOS-L
October 2017,https://listserv.liv.ac.uk//cgi-bin/wa?A1=ind1710&L=PHILOS-L
September 2017,https://listserv.liv.ac.uk//cgi-bin/wa?A1=ind1709&L=PHILOS-L
August 2017,https://listserv.liv.ac.uk//cgi-bin/wa?A1=ind1708&L=PHILOS-L
July 2017,https://listserv.liv.ac.uk//cgi-bin/wa?A1=ind1707&L=PHILOS-L
June 2017,https://listserv.liv.ac.uk//cgi-bin/wa?A1=ind1706&L=PHILOS-L
May 2017,https://listserv.liv.ac.uk//cgi-bin/wa?A1=ind1705&L=PHILOS-L
April 2017,https://listserv.liv.ac.uk//cgi-bin/wa?A1=ind1704&L=PHILOS-L
March 2017,https://listserv.liv.ac.uk//cgi-bin/wa?A1=ind1703&L=PHILOS-L
February 2017,https://listserv.liv.ac.uk//cgi-bin/wa?A1=ind1702&L=PHILOS-L
January 2017,https://listserv.liv.ac.uk//cgi-bin/wa?A1=ind1701&L=PHILOS-L
December 2016,https://listserv.liv.ac.uk//cgi-bin/wa?A1=ind1612&L=PHILOS-L
November 2016,https://listserv.liv.ac.uk//cgi-bin/wa?A1=ind1611&L=PHILOS-L
October 2016,https://listserv.liv.ac.uk//cgi-bin/wa?A1=ind1610&L=PHILOS-L
September 2016,https://listserv.liv.ac.uk//cgi-bin/wa?A1=ind1609&L=PHILOS-L
August 2016,https://listserv.liv.ac.uk//cgi-bin/wa?A1=ind1608&L=PHILOS-L
July 2016,https://listserv.liv.ac.uk//cgi-bin/wa?A1=ind1607&L=PHILOS-L
June 2016,https://listserv.liv.ac.uk//cgi-bin/wa?A1=ind1606&L=PHILOS-L
May 2016,https://listserv.liv.ac.uk//cgi-bin/wa?A1=ind1605&L=PHILOS-L
April 2016,https://listserv.liv.ac.uk//cgi-bin/wa?A1=ind1604&L=PHILOS-L
March 2016,https://listserv.liv.ac.uk//cgi-bin/wa?A1=ind1603&L=PHILOS-L
February 2016,https://listserv.liv.ac.uk//cgi-bin/wa?A1=ind1602&L=PHILOS-L
January 2016,https://listserv.liv.ac.uk//cgi-bin/wa?A1=ind1601&L=PHILOS-L
December 2015,https://listserv.liv.ac.uk//cgi-bin/wa?A1=ind1512&L=PHILOS-L
November 2015,https://listserv.liv.ac.uk//cgi-bin/wa?A1=ind1511&L=PHILOS-L
October 2015,https://listserv.liv.ac.uk//cgi-bin/wa?A1=ind1510&L=PHILOS-L
September 2015,https://listserv.liv.ac.uk//cgi-bin/wa?A1=ind1509&L=PHILOS-L
August 2015,https://listserv.liv.ac.uk//cgi-bin/wa?A1=ind1508&L=PHILOS-L
July 2015,https://listserv.liv.ac.uk//cgi-bin/wa?A1=ind1507&L=PHILOS-L
June 2015,https://listserv.liv.ac.uk//cgi-bin/wa?A1=ind1506&L=PHILOS-L
May 2015,https://listserv.liv.ac.uk//cgi-bin/wa?A1=ind1505&L=PHILOS-L
April 2015,https://listserv.liv.ac.uk//cgi-bin/wa?A1=ind1504&L=PHILOS-L
March 2015,https://listserv.liv.ac.uk//cgi-bin/wa?A1=ind1503&L=PHILOS-L
February 2015,https://listserv.liv.ac.uk//cgi-bin/wa?A1=ind1502&L=PHILOS-L
January 2015,https://listserv.liv.ac.uk//cgi-bin/wa?A1=ind1501&L=PHILOS-L
December 2014,https://listserv.liv.ac.uk//cgi-bin/wa?A1=ind1412&L=PHILOS-L
November 2014,https://listserv.liv.ac.uk//cgi-bin/wa?A1=ind1411&L=PHILOS-L
October 2014,https://listserv.liv.ac.uk//cgi-bin/wa?A1=ind1410&L=PHILOS-L
September 2014,https://listserv.liv.ac.uk//cgi-bin/wa?A1=ind1409&L=PHILOS-L
August 2014,https://listserv.liv.ac.uk//cgi-bin/wa?A1=ind1408&L=PHILOS-L
July 2014,https://listserv.liv.ac.uk//cgi-bin/wa?A1=ind1407&L=PHILOS-L
June 2014,https://listserv.liv.ac.uk//cgi-bin/wa?A1=ind1406&L=PHILOS-L
May 2014,https://listserv.liv.ac.uk//cgi-bin/wa?A1=ind1405&L=PHILOS-L
April 2014,https://listserv.liv.ac.uk//cgi-bin/wa?A1=ind1404&L=PHILOS-L
March 2014,https://listserv.liv.ac.uk//cgi-bin/wa?A1=ind1403&L=PHILOS-L
February 2014,https://listserv.liv.ac.uk//cgi-bin/wa?A1=ind1402&L=PHILOS-L
January 2014,https://listserv.liv.ac.uk//cgi-bin/wa?A1=ind1401&L=PHILOS-L
December 2013,https://listserv.liv.ac.uk//cgi-bin/wa?A1=ind1312&L=PHILOS-L
November 2013,https://listserv.liv.ac.uk//cgi-bin/wa?A1=ind1311&L=PHILOS-L
October 2013,https://listserv.liv.ac.uk//cgi-bin/wa?A1=ind1310&L=PHILOS-L
September 2013,https://listserv.liv.ac.uk//cgi-bin/wa?A1=ind1309&L=PHILOS-L
August 2013,https://listserv.liv.ac.uk//cgi-bin/wa?A1=ind1308&L=PHILOS-L
July 2013,https://listserv.liv.ac.uk//cgi-bin/wa?A1=ind1307&L=PHILOS-L
June 2013,https://listserv.liv.ac.uk//cgi-bin/wa?A1=ind1306&L=PHILOS-L
May 2013,https://listserv.liv.ac.uk//cgi-bin/wa?A1=ind1305&L=PHILOS-L
April 2013,https://listserv.liv.ac.uk//cgi-bin/wa?A1=ind1304&L=PHILOS-L
March 2013,https://listserv.liv.ac.uk//cgi-bin/wa?A1=ind1303&L=PHILOS-L
February 2013,https://listserv.liv.ac.uk//cgi-bin/wa?A1=ind1302&L=PHILOS-L
January 2013,https://listserv.liv.ac.uk//cgi-bin/wa?A1=ind1301&L=PHILOS-L
December 2012,https://listserv.liv.ac.uk//cgi-bin/wa?A1=ind1212&L=PHILOS-L
November 2012,https://listserv.liv.ac.uk//cgi-bin/wa?A1=ind1211&L=PHILOS-L
October 2012,https://listserv.liv.ac.uk//cgi-bin/wa?A1=ind1210&L=PHILOS-L
September 2012,https://listserv.liv.ac.uk//cgi-bin/wa?A1=ind1209&L=PHILOS-L
August 2012,https://listserv.liv.ac.uk//cgi-bin/wa?A1=ind1208&L=PHILOS-L
July 2012,https://listserv.liv.ac.uk//cgi-bin/wa?A1=ind1207&L=PHILOS-L
June 2012,https://listserv.liv.ac.uk//cgi-bin/wa?A1=ind1206&L=PHILOS-L
May 2012,https://listserv.liv.ac.uk//cgi-bin/wa?A1=ind1205&L=PHILOS-L
April 2012,https://listserv.liv.ac.uk//cgi-bin/wa?A1=ind1204&L=PHILOS-L
March 2012,https://listserv.liv.ac.uk//cgi-bin/wa?A1=ind1203&L=PHILOS-L
February 2012,https://listserv.liv.ac.uk//cgi-bin/wa?A1=ind1202&L=PHILOS-L
January 2012,https://listserv.liv.ac.uk//cgi-bin/wa?A1=ind1201&L=PHILOS-L
December 2011,https://listserv.liv.ac.uk//cgi-bin/wa?A1=ind1112&L=PHILOS-L
November 2011,https://listserv.liv.ac.uk//cgi-bin/wa?A1=ind1111&L=PHILOS-L
October 2011,https://listserv.liv.ac.uk//cgi-bin/wa?A1=ind1110&L=PHILOS-L
September 2011,https://listserv.liv.ac.uk//cgi-bin/wa?A1=ind1109&L=PHILOS-L
August 2011,https://listserv.liv.ac.uk//cgi-bin/wa?A1=ind1108&L=PHILOS-L
July 2011,https://listserv.liv.ac.uk//cgi-bin/wa?A1=ind1107&L=PHILOS-L
June 2011,https://listserv.liv.ac.uk//cgi-bin/wa?A1=ind1106&L=PHILOS-L
May 2011,https://listserv.liv.ac.uk//cgi-bin/wa?A1=ind1105&L=PHILOS-L
April 2011,https://listserv.liv.ac.uk//cgi-bin/wa?A1=ind1104&L=PHILOS-L
March 2011,https://listserv.liv.ac.uk//cgi-bin/wa?A1=ind1103&L=PHILOS-L
February 2011,https://listserv.liv.ac.uk//cgi-bin/wa?A1=ind1102&L=PHILOS-L
January 2011,https://listserv.liv.ac.uk//cgi-bin/wa?A1=ind1101&L=PHILOS-L
December 2010,https://listserv.liv.ac.uk//cgi-bin/wa?A1=ind1012&L=PHILOS-L
November 2010,https://listserv.liv.ac.uk//cgi-bin/wa?A1=ind1011&L=PHILOS-L
October 2010,https://listserv.liv.ac.uk//cgi-bin/wa?A1=ind1010&L=PHILOS-L
September 2010,https://listserv.liv.ac.uk//cgi-bin/wa?A1=ind1009&L=PHILOS-L
August 2010,https://listserv.liv.ac.uk//cgi-bin/wa?A1=ind1008&L=PHILOS-L
July 2010,https://listserv.liv.ac.uk//cgi-bin/wa?A1=ind1007&L=PHILOS-L
June 2010,https://listserv.liv.ac.uk//cgi-bin/wa?A1=ind1006&L=PHILOS-L
May 2010,https://listserv.liv.ac.uk//cgi-bin/wa?A1=ind1005&L=PHILOS-L
April 2010,https://listserv.liv.ac.uk//cgi-bin/wa?A1=ind1004&L=PHILOS-L
March 2010,https://listserv.liv.ac.uk//cgi-bin/wa?A1=ind1003&L=PHILOS-L
February 2010,https://listserv.liv.ac.uk//cgi-bin/wa?A1=ind1002&L=PHILOS-L
January 2010,https://listserv.liv.ac.uk//cgi-bin/wa?A1=ind1001&L=PHILOS-L
December 2009,https://listserv.liv.ac.uk//cgi-bin/wa?A1=ind0912&L=PHILOS-L
November 2009,https://listserv.liv.ac.uk//cgi-bin/wa?A1=ind0911&L=PHILOS-L
October 2009,https://listserv.liv.ac.uk//cgi-bin/wa?A1=ind0910&L=PHILOS-L
September 2009,https://listserv.liv.ac.uk//cgi-bin/wa?A1=ind0909&L=PHILOS-L
August 2009,https://listserv.liv.ac.uk//cgi-bin/wa?A1=ind0908&L=PHILOS-L
July 2009,https://listserv.liv.ac.uk//cgi-bin/wa?A1=ind0907&L=PHILOS-L
June 2009,https://listserv.liv.ac.uk//cgi-bin/wa?A1=ind0906&L=PHILOS-L
May 2009,https://listserv.liv.ac.uk//cgi-bin/wa?A1=ind0905&L=PHILOS-L
April 2009,https://listserv.liv.ac.uk//cgi-bin/wa?A1=ind0904&L=PHILOS-L
March 2009,https://listserv.liv.ac.uk//cgi-bin/wa?A1=ind0903&L=PHILOS-L
February 2009,https://listserv.liv.ac.uk//cgi-bin/wa?A1=ind0902&L=PHILOS-L
January 2009,https://listserv.liv.ac.uk//cgi-bin/wa?A1=ind0901&L=PHILOS-L
December 2008,https://listserv.liv.ac.uk//cgi-bin/wa?A1=ind0812&L=PHILOS-L
November 2008,https://listserv.liv.ac.uk//cgi-bin/wa?A1=ind0811&L=PHILOS-L
October 2008,https://listserv.liv.ac.uk//cgi-bin/wa?A1=ind0810&L=PHILOS-L
September 2008,https://listserv.liv.ac.uk//cgi-bin/wa?A1=ind0809&L=PHILOS-L
August 2008,https://listserv.liv.ac.uk//cgi-bin/wa?A1=ind0808&L=PHILOS-L
July 2008,https://listserv.liv.ac.uk//cgi-bin/wa?A1=ind0807&L=PHILOS-L
June 2008,https://listserv.liv.ac.uk//cgi-bin/wa?A1=ind0806&L=PHILOS-L
May 2008,https://listserv.liv.ac.uk//cgi-bin/wa?A1=ind0805&L=PHILOS-L
April 2008,https://listserv.liv.ac.uk//cgi-bin/wa?A1=ind0804&L=PHILOS-L
March 2008,https://listserv.liv.ac.uk//cgi-bin/wa?A1=ind0803&L=PHILOS-L
February 2008,https://listserv.liv.ac.uk//cgi-bin/wa?A1=ind0802&L=PHILOS-L
January 2008,https://listserv.liv.ac.uk//cgi-bin/wa?A1=ind0801&L=PHILOS-L
December 2007,https://listserv.liv.ac.uk//cgi-bin/wa?A1=ind0712&L=PHILOS-L
November 2007,https://listserv.liv.ac.uk//cgi-bin/wa?A1=ind0711&L=PHILOS-L
October 2007,https://listserv.liv.ac.uk//cgi-bin/wa?A1=ind0710&L=PHILOS-L
September 2007,https://listserv.liv.ac.uk//cgi-bin/wa?A1=ind0709&L=PHILOS-L
August 2007,https://listserv.liv.ac.uk//cgi-bin/wa?A1=ind0708&L=PHILOS-L
July 2007,https://listserv.liv.ac.uk//cgi-bin/wa?A1=ind0707&L=PHILOS-L
June 2007,https://listserv.liv.ac.uk//cgi-bin/wa?A1=ind0706&L=PHILOS-L
May 2007,https://listserv.liv.ac.uk//cgi-bin/wa?A1=ind0705&L=PHILOS-L
April 2007,https://listserv.liv.ac.uk//cgi-bin/wa?A1=ind0704&L=PHILOS-L
March 2007,https://listserv.liv.ac.uk//cgi-bin/wa?A1=ind0703&L=PHILOS-L
February 2007,https://listserv.liv.ac.uk//cgi-bin/wa?A1=ind0702&L=PHILOS-L
January 2007,https://listserv.liv.ac.uk//cgi-bin/wa?A1=ind0701&L=PHILOS-L
December 2006,https://listserv.liv.ac.uk//cgi-bin/wa?A1=ind0612&L=PHILOS-L
November 2006,https://listserv.liv.ac.uk//cgi-bin/wa?A1=ind0611&L=PHILOS-L
October 2006,https://listserv.liv.ac.uk//cgi-bin/wa?A1=ind0610&L=PHILOS-L
September 2006,https://listserv.liv.ac.uk//cgi-bin/wa?A1=ind0609&L=PHILOS-L
August 2006,https://listserv.liv.ac.uk//cgi-bin/wa?A1=ind0608&L=PHILOS-L
July 2006,https://listserv.liv.ac.uk//cgi-bin/wa?A1=ind0607&L=PHILOS-L
June 2006,https://listserv.liv.ac.uk//cgi-bin/wa?A1=ind0606&L=PHILOS-L
May 2006,https://listserv.liv.ac.uk//cgi-bin/wa?A1=ind0605&L=PHILOS-L
April 2006,https://listserv.liv.ac.uk//cgi-bin/wa?A1=ind0604&L=PHILOS-L
March 2006,https://listserv.liv.ac.uk//cgi-bin/wa?A1=ind0603&L=PHILOS-L
February 2006,https://listserv.liv.ac.uk//cgi-bin/wa?A1=ind0602&L=PHILOS-L
January 2006,https://listserv.liv.ac.uk//cgi-bin/wa?A1=ind0601&L=PHILOS-L
December 2005,https://listserv.liv.ac.uk//cgi-bin/wa?A1=ind0512&L=PHILOS-L
November 2005,https://listserv.liv.ac.uk//cgi-bin/wa?A1=ind0511&L=PHILOS-L
October 2005,https://listserv.liv.ac.uk//cgi-bin/wa?A1=ind0510&L=PHILOS-L
September 2005,https://listserv.liv.ac.uk//cgi-bin/wa?A1=ind0509&L=PHILOS-L
August 2005,https://listserv.liv.ac.uk//cgi-bin/wa?A1=ind0508&L=PHILOS-L
July 2005,https://listserv.liv.ac.uk//cgi-bin/wa?A1=ind0507&L=PHILOS-L
June 2005,https://listserv.liv.ac.uk//cgi-bin/wa?A1=ind0506&L=PHILOS-L
May 2005,https://listserv.liv.ac.uk//cgi-bin/wa?A1=ind0505&L=PHILOS-L
April 2005,https://listserv.liv.ac.uk//cgi-bin/wa?A1=ind0504&L=PHILOS-L
March 2005,https://listserv.liv.ac.uk//cgi-bin/wa?A1=ind0503&L=PHILOS-L
February 2005,https://listserv.liv.ac.uk//cgi-bin/wa?A1=ind0502&L=PHILOS-L
January 2005,https://listserv.liv.ac.uk//cgi-bin/wa?A1=ind0501&L=PHILOS-L
December 2004,https://listserv.liv.ac.uk//cgi-bin/wa?A1=ind0412&L=PHILOS-L
November 2004,https://listserv.liv.ac.uk//cgi-bin/wa?A1=ind0411&L=PHILOS-L
October 2004,https://listserv.liv.ac.uk//cgi-bin/wa?A1=ind0410&L=PHILOS-L
September 2004,https://listserv.liv.ac.uk//cgi-bin/wa?A1=ind0409&L=PHILOS-L
August 2004,https://listserv.liv.ac.uk//cgi-bin/wa?A1=ind0408&L=PHILOS-L
July 2004,https://listserv.liv.ac.uk//cgi-bin/wa?A1=ind0407&L=PHILOS-L
June 2004,https://listserv.liv.ac.uk//cgi-bin/wa?A1=ind0406&L=PHILOS-L
May 2004,https://listserv.liv.ac.uk//cgi-bin/wa?A1=ind0405&L=PHILOS-L
April 2004,https://listserv.liv.ac.uk//cgi-bin/wa?A1=ind0404&L=PHILOS-L
March 2004,https://listserv.liv.ac.uk//cgi-bin/wa?A1=ind0403&L=PHILOS-L
February 2004,https://listserv.liv.ac.uk//cgi-bin/wa?A1=ind0402&L=PHILOS-L
January 2004,https://listserv.liv.ac.uk//cgi-bin/wa?A1=ind0401&L=PHILOS-L
December 2003,https://listserv.liv.ac.uk//cgi-bin/wa?A1=ind0312&L=PHILOS-L
November 2003,https://listserv.liv.ac.uk//cgi-bin/wa?A1=ind0311&L=PHILOS-L
October 2003,https://listserv.liv.ac.uk//cgi-bin/wa?A1=ind0310&L=PHILOS-L
September 2003,https://listserv.liv.ac.uk//cgi-bin/wa?A1=ind0309&L=PHILOS-L
August 2003,https://listserv.liv.ac.uk//cgi-bin/wa?A1=ind0308&L=PHILOS-L
July 2003,https://listserv.liv.ac.uk//cgi-bin/wa?A1=ind0307&L=PHILOS-L
June 2003,https://listserv.liv.ac.uk//cgi-bin/wa?A1=ind0306&L=PHILOS-L
May 2003,https://listserv.liv.ac.uk//cgi-bin/wa?A1=ind0305&L=PHILOS-L
April 2003,https://listserv.liv.ac.uk//cgi-bin/wa?A1=ind0304&L=PHILOS-L
March 2003,https://listserv.liv.ac.uk//cgi-bin/wa?A1=ind0303&L=PHILOS-L
February 2003,https://listserv.liv.ac.uk//cgi-bin/wa?A1=ind0302&L=PHILOS-L
January 2003,https://listserv.liv.ac.uk//cgi-bin/wa?A1=ind0301&L=PHILOS-L
December 2002,https://listserv.liv.ac.uk//cgi-bin/wa?A1=ind0212&L=PHILOS-L
November 2002,https://listserv.liv.ac.uk//cgi-bin/wa?A1=ind0211&L=PHILOS-L
October 2002,https://listserv.liv.ac.uk//cgi-bin/wa?A1=ind0210&L=PHILOS-L
September 2002,https://listserv.liv.ac.uk//cgi-bin/wa?A1=ind0209&L=PHILOS-L
August 2002,https://listserv.liv.ac.uk//cgi-bin/wa?A1=ind0208&L=PHILOS-L
July 2002,https://listserv.liv.ac.uk//cgi-bin/wa?A1=ind0207&L=PHILOS-L
June 2002,https://listserv.liv.ac.uk//cgi-bin/wa?A1=ind0206&L=PHILOS-L
May 2002,https://listserv.liv.ac.uk//cgi-bin/wa?A1=ind0205&L=PHILOS-L
April 2002,https://listserv.liv.ac.uk//cgi-bin/wa?A1=ind0204&L=PHILOS-L
March 2002,https://listserv.liv.ac.uk//cgi-bin/wa?A1=ind0203&L=PHILOS-L
February 2002,https://listserv.liv.ac.uk//cgi-bin/wa?A1=ind0202&L=PHILOS-L
January 2002,https://listserv.liv.ac.uk//cgi-bin/wa?A1=ind0201&L=PHILOS-L
December 2001,https://listserv.liv.ac.uk//cgi-bin/wa?A1=ind0112&L=PHILOS-L
November 2001,https://listserv.liv.ac.uk//cgi-bin/wa?A1=ind0111&L=PHILOS-L
October 2001,https://listserv.liv.ac.uk//cgi-bin/wa?A1=ind0110&L=PHILOS-L
September 2001,https://listserv.liv.ac.uk//cgi-bin/wa?A1=ind0109&L=PHILOS-L
August 2001,https://listserv.liv.ac.uk//cgi-bin/wa?A1=ind0108&L=PHILOS-L
July 2001,https://listserv.liv.ac.uk//cgi-bin/wa?A1=ind0107&L=PHILOS-L
June 2001,https://listserv.liv.ac.uk//cgi-bin/wa?A1=ind0106&L=PHILOS-L
May 2001,https://listserv.liv.ac.uk//cgi-bin/wa?A1=ind0105&L=PHILOS-L
April 2001,https://listserv.liv.ac.uk//cgi-bin/wa?A1=ind0104&L=PHILOS-L
March 2001,https://listserv.liv.ac.uk//cgi-bin/wa?A1=ind0103&L=PHILOS-L
February 2001,https://listserv.liv.ac.uk//cgi-bin/wa?A1=ind0102&L=PHILOS-L
January 2001,https://listserv.liv.ac.uk//cgi-bin/wa?A1=ind0101&L=PHILOS-L
December 2000,https://listserv.liv.ac.uk//cgi-bin/wa?A1=ind0012&L=PHILOS-L
November 2000,https://listserv.liv.ac.uk//cgi-bin/wa?A1=ind0011&L=PHILOS-L
October 2000,https://listserv.liv.ac.uk//cgi-bin/wa?A1=ind0010&L=PHILOS-L
September 2000,https://listserv.liv.ac.uk//cgi-bin/wa?A1=ind0009&L=PHILOS-L
August 2000,https://listserv.liv.ac.uk//cgi-bin/wa?A1=ind0008&L=PHILOS-L
July 2000,https://listserv.liv.ac.uk//cgi-bin/wa?A1=ind0007&L=PHILOS-L
June 2000,https://listserv.liv.ac.uk//cgi-bin/wa?A1=ind0006&L=PHILOS-L
May 2000,https://listserv.liv.ac.uk//cgi-bin/wa?A1=ind0005&L=PHILOS-L
April 2000,https://listserv.liv.ac.uk//cgi-bin/wa?A1=ind0004&L=PHILOS-L
March 2000,https://listserv.liv.ac.uk//cgi-bin/wa?A1=ind0003&L=PHILOS-L
February 2000,https://listserv.liv.ac.uk//cgi-bin/wa?A1=ind0002&L=PHILOS-L
January 2000,https://listserv.liv.ac.uk//cgi-bin/wa?A1=ind0001&L=PHILOS-L
December 1999,https://listserv.liv.ac.uk//cgi-bin/wa?A1=ind9912&L=PHILOS-L
November 1999,https://listserv.liv.ac.uk//cgi-bin/wa?A1=ind9911&L=PHILOS-L
October 1999,https://listserv.liv.ac.uk//cgi-bin/wa?A1=ind9910&L=PHILOS-L
September 1999,https://listserv.liv.ac.uk//cgi-bin/wa?A1=ind9909&L=PHILOS-L
August 1999,https://listserv.liv.ac.uk//cgi-bin/wa?A1=ind9908&L=PHILOS-L
July 1999,https://listserv.liv.ac.uk//cgi-bin/wa?A1=ind9907&L=PHILOS-L
June 1999,https://listserv.liv.ac.uk//cgi-bin/wa?A1=ind9906&L=PHILOS-L
May 1999,https://listserv.liv.ac.uk//cgi-bin/wa?A1=ind9905&L=PHILOS-L
April 1999,https://listserv.liv.ac.uk//cgi-bin/wa?A1=ind9904&L=PHILOS-L
March 1999,https://listserv.liv.ac.uk//cgi-bin/wa?A1=ind9903&L=PHILOS-L
February 1999,https://listserv.liv.ac.uk//cgi-bin/wa?A1=ind9902&L=PHILOS-L
January 1999,https://listserv.liv.ac.uk//cgi-bin/wa?A1=ind9901&L=PHILOS-L
December 1998,https://listserv.liv.ac.uk//cgi-bin/wa?A1=ind9812&L=PHILOS-L
November 1998,https://listserv.liv.ac.uk//cgi-bin/wa?A1=ind9811&L=PHILOS-L
October 1998,https://listserv.liv.ac.uk//cgi-bin/wa?A1=ind9810&L=PHILOS-L
September 1998,https://listserv.liv.ac.uk//cgi-bin/wa?A1=ind9809&L=PHILOS-L
August 1998,https://listserv.liv.ac.uk//cgi-bin/wa?A1=ind9808&L=PHILOS-L
July 1998,https://listserv.liv.ac.uk//cgi-bin/wa?A1=ind9807&L=PHILOS-L
June 1998,https://listserv.liv.ac.uk//cgi-bin/wa?A1=ind9806&L=PHILOS-L
May 1998,https://listserv.liv.ac.uk//cgi-bin/wa?A1=ind9805&L=PHILOS-L
April 1998,https://listserv.liv.ac.uk//cgi-bin/wa?A1=ind9804&L=PHILOS-L
March 1998,https://listserv.liv.ac.uk//cgi-bin/wa?A1=ind9803&L=PHILOS-L
February 1998,https://listserv.liv.ac.uk//cgi-bin/wa?A1=ind9802&L=PHILOS-L
January 1998,https://listserv.liv.ac.uk//cgi-bin/wa?A1=ind9801&L=PHILOS-L
December 1997,https://listserv.liv.ac.uk//cgi-bin/wa?A1=ind9712&L=PHILOS-L
November 1997,https://listserv.liv.ac.uk//cgi-bin/wa?A1=ind9711&L=PHILOS-L
October 1997,https://listserv.liv.ac.uk//cgi-bin/wa?A1=ind9710&L=PHILOS-L
September 1997,https://listserv.liv.ac.uk//cgi-bin/wa?A1=ind9709&L=PHILOS-L
August 1997,https://listserv.liv.ac.uk//cgi-bin/wa?A1=ind9708&L=PHILOS-L
July 1997,https://listserv.liv.ac.uk//cgi-bin/wa?A1=ind9707&L=PHILOS-L
June 1997,https://listserv.liv.ac.uk//cgi-bin/wa?A1=ind9706&L=PHILOS-L
May 1997,https://listserv.liv.ac.uk//cgi-bin/wa?A1=ind9705&L=PHILOS-L
April 1997,https://listserv.liv.ac.uk//cgi-bin/wa?A1=ind9704&L=PHILOS-L
March 1997,https://listserv.liv.ac.uk//cgi-bin/wa?A1=ind9703&L=PHILOS-L
February 1997,https://listserv.liv.ac.uk//cgi-bin/wa?A1=ind9702&L=PHILOS-L
January 1997,https://listserv.liv.ac.uk//cgi-bin/wa?A1=ind9701&L=PHILOS-L
December 1996,https://listserv.liv.ac.uk//cgi-bin/wa?A1=ind9612&L=PHILOS-L
November 1996,https://listserv.liv.ac.uk//cgi-bin/wa?A1=ind9611&L=PHILOS-L
October 1996,https://listserv.liv.ac.uk//cgi-bin/wa?A1=ind9610&L=PHILOS-L
September 1996,https://listserv.liv.ac.uk//cgi-bin/wa?A1=ind9609&L=PHILOS-L
August 1996,https://listserv.liv.ac.uk//cgi-bin/wa?A1=ind9608&L=PHILOS-L
July 1996,https://listserv.liv.ac.uk//cgi-bin/wa?A1=ind9607&L=PHILOS-L
June 1996,https://listserv.liv.ac.uk//cgi-bin/wa?A1=ind9606&L=PHILOS-L
May 1996,https://listserv.liv.ac.uk//cgi-bin/wa?A1=ind9605&L=PHILOS-L
April 1996,https://listserv.liv.ac.uk//cgi-bin/wa?A1=ind9604&L=PHILOS-L
March 1996,https://listserv.liv.ac.uk//cgi-bin/wa?A1=ind9603&L=PHILOS-L
February 1996,https://listserv.liv.ac.uk//cgi-bin/wa?A1=ind9602&L=PHILOS-L
January 1996,https://listserv.liv.ac.uk//cgi-bin/wa?A1=ind9601&L=PHILOS-L
December 1995,https://listserv.liv.ac.uk//cgi-bin/wa?A1=ind9512&L=PHILOS-L
November 1995,https://listserv.liv.ac.uk//cgi-bin/wa?A1=ind9511&L=PHILOS-L
October 1995,https://listserv.liv.ac.uk//cgi-bin/wa?A1=ind9510&L=PHILOS-L
September 1995,https://listserv.liv.ac.uk//cgi-bin/wa?A1=ind9509&L=PHILOS-L
August 1995,https://listserv.liv.ac.uk//cgi-bin/wa?A1=ind9508&L=PHILOS-L
July 1995,https://listserv.liv.ac.uk//cgi-bin/wa?A1=ind9507&L=PHILOS-L
June 1995,https://listserv.liv.ac.uk//cgi-bin/wa?A1=ind9506&L=PHILOS-L
May 1995,https://listserv.liv.ac.uk//cgi-bin/wa?A1=ind9505&L=PHILOS-L
April 1995,https://listserv.liv.ac.uk//cgi-bin/wa?A1=ind9504&L=PHILOS-L
March 1995,https://listserv.liv.ac.uk//cgi-bin/wa?A1=ind9503&L=PHILOS-L
February 1995,https://listserv.liv.ac.uk//cgi-bin/wa?A1=ind9502&L=PHILOS-L
January 1995,https://listserv.liv.ac.uk//cgi-bin/wa?A1=ind9501&L=PHILOS-L
December 1994,https://listserv.liv.ac.uk//cgi-bin/wa?A1=ind9412&L=PHILOS-L
November 1994,https://listserv.liv.ac.uk//cgi-bin/wa?A1=ind9411&L=PHILOS-L
October 1994,https://listserv.liv.ac.uk//cgi-bin/wa?A1=ind9410&L=PHILOS-L
September 1994,https://listserv.liv.ac.uk//cgi-bin/wa?A1=ind9409&L=PHILOS-L
August 1994,https://listserv.liv.ac.uk//cgi-bin/wa?A1=ind9408&L=PHILOS-L
July 1994,https://listserv.liv.ac.uk//cgi-bin/wa?A1=ind9407&L=PHILOS-L
June 1994,https://listserv.liv.ac.uk//cgi-bin/wa?A1=ind9406&L=PHILOS-L
May 1994,https://listserv.liv.ac.uk//cgi-bin/wa?A1=ind9405&L=PHILOS-L
April 1994,https://listserv.liv.ac.uk//cgi-bin/wa?A1=ind9404&L=PHILOS-L
March 1994,https://listserv.liv.ac.uk//cgi-bin/wa?A1=ind9403&L=PHILOS-L
February 1994,https://listserv.liv.ac.uk//cgi-bin/wa?A1=ind9402&L=PHILOS-L
January 1994,https://listserv.liv.ac.uk//cgi-bin/wa?A1=ind9401&L=PHILOS-L
December 1993,https://listserv.liv.ac.uk//cgi-bin/wa?A1=ind9312&L=PHILOS-L
November 1993,https://listserv.liv.ac.uk//cgi-bin/wa?A1=ind9311&L=PHILOS-L
October 1993,https://listserv.liv.ac.uk//cgi-bin/wa?A1=ind9310&L=PHILOS-L
September 1993,https://listserv.liv.ac.uk//cgi-bin/wa?A1=ind9309&L=PHILOS-L
August 1993,https://listserv.liv.ac.uk//cgi-bin/wa?A1=ind9308&L=PHILOS-L
July 1993,https://listserv.liv.ac.uk//cgi-bin/wa?A1=ind9307&L=PHILOS-L
June 1993,https://listserv.liv.ac.uk//cgi-bin/wa?A1=ind9306&L=PHILOS-L
May 1993,https://listserv.liv.ac.uk//cgi-bin/wa?A1=ind9305&L=PHILOS-L
April 1993,https://listserv.liv.ac.uk//cgi-bin/wa?A1=ind9304&L=PHILOS-L
March 1993,https://listserv.liv.ac.uk//cgi-bin/wa?A1=ind9303&L=PHILOS-L
February 1993,https://listserv.liv.ac.uk//cgi-bin/wa?A1=ind9302&L=PHILOS-L
January 1993,https://listserv.liv.ac.uk//cgi-bin/wa?A1=ind9301&L=PHILOS-L
December 1992,https://listserv.liv.ac.uk//cgi-bin/wa?A1=ind9212&L=PHILOS-L
November 1992,https://listserv.liv.ac.uk//cgi-bin/wa?A1=ind9211&L=PHILOS-L
October 1992,https://listserv.liv.ac.uk//cgi-bin/wa?A1=ind9210&L=PHILOS-L
September 1992,https://listserv.liv.ac.uk//cgi-bin/wa?A1=ind9209&L=PHILOS-L
August 1992,https://listserv.liv.ac.uk//cgi-bin/wa?A1=ind9208&L=PHILOS-L
July 1992,https://listserv.liv.ac.uk//cgi-bin/wa?A1=ind9207&L=PHILOS-L
June 1992,https://listserv.liv.ac.uk//cgi-bin/wa?A1=ind9206&L=PHILOS-L
May 1992,https://listserv.liv.ac.uk//cgi-bin/wa?A1=ind9205&L=PHILOS-L
April 1992,https://listserv.liv.ac.uk//cgi-bin/wa?A1=ind9204&L=PHILOS-L
March 1992,https://listserv.liv.ac.uk//cgi-bin/wa?A1=ind9203&L=PHILOS-L
February 1992,https://listserv.liv.ac.uk//cgi-bin/wa?A1=ind9202&L=PHILOS-L
January 1992,https://listserv.liv.ac.uk//cgi-bin/wa?A1=ind9201&L=PHILOS-L
December 1991,https://listserv.liv.ac.uk//cgi-bin/wa?A1=ind9112&L=PHILOS-L
November 1991,https://listserv.liv.ac.uk//cgi-bin/wa?A1=ind9111&L=PHILOS-L
October 1991,https://listserv.liv.ac.uk//cgi-bin/wa?A1=ind9110&L=PHILOS-L
September 1991,https://listserv.liv.ac.uk//cgi-bin/wa?A1=ind9109&L=PHILOS-L
August 1991,https://listserv.liv.ac.uk//cgi-bin/wa?A1=ind9108&L=PHILOS-L
July 1991,https://listserv.liv.ac.uk//cgi-bin/wa?A1=ind9107&L=PHILOS-L
June 1991,https://listserv.liv.ac.uk//cgi-bin/wa?A1=ind9106&L=PHILOS-L
May 1991,https://listserv.liv.ac.uk//cgi-bin/wa?A1=ind9105&L=PHILOS-L
April 1991,https://listserv.liv.ac.uk//cgi-bin/wa?A1=ind9104&L=PHILOS-L
March 1991,https://listserv.liv.ac.uk//cgi-bin/wa?A1=ind9103&L=PHILOS-L
February 1991,https://listserv.liv.ac.uk//cgi-bin/wa?A1=ind9102&L=PHILOS-L
January 1991,https://listserv.liv.ac.uk//cgi-bin/wa?A1=ind9101&L=PHILOS-L
December 1990,https://listserv.liv.ac.uk//cgi-bin/wa?A1=ind9012&L=PHILOS-L
November 1990,https://listserv.liv.ac.uk//cgi-bin/wa?A1=ind9011&L=PHILOS-L
October 1990,https://listserv.liv.ac.uk//cgi-bin/wa?A1=ind9010&L=PHILOS-L
September 1990,https://listserv.liv.ac.uk//cgi-bin/wa?A1=ind9009&L=PHILOS-L
August 1990,https://listserv.liv.ac.uk//cgi-bin/wa?A1=ind9008&L=PHILOS-L
July 1990,https://listserv.liv.ac.uk//cgi-bin/wa?A1=ind9007&L=PHILOS-L
June 1990,https://listserv.liv.ac.uk//cgi-bin/wa?A1=ind9006&L=PHILOS-L
May 1990,https://listserv.liv.ac.uk//cgi-bin/wa?A1=ind9005&L=PHILOS-L
April 1990,https://listserv.liv.ac.uk//cgi-bin/wa?A1=ind9004&L=PHILOS-L
March 1990,https://listserv.liv.ac.uk//cgi-bin/wa?A1=ind9003&L=PHILOS-L
February 1990,https://listserv.liv.ac.uk//cgi-bin/wa?A1=ind9002&L=PHILOS-L
January 1990,https://listserv.liv.ac.uk//cgi-bin/wa?A1=ind9001&L=PHILOS-L
December 1989,https://listserv.liv.ac.uk//cgi-bin/wa?A1=ind8912&L=PHILOS-L
November 1989,https://listserv.liv.ac.uk//cgi-bin/wa?A1=ind8911&L=PHILOS-L
October 1989,https://listserv.liv.ac.uk//cgi-bin/wa?A1=ind8910&L=PHILOS-L
September 1989,https://listserv.liv.ac.uk//cgi-bin/wa?A1=ind8909&L=PHILOS-L
August 1989,https://listserv.liv.ac.uk//cgi-bin/wa?A1=ind8908&L=PHILOS-L
July 1989,https://listserv.liv.ac.uk//cgi-bin/wa?A1=ind8907&L=PHILOS-L
June 1989,https://listserv.liv.ac.uk//cgi-bin/wa?A1=ind8906&L=PHILOS-L
