name,party,education,url
丁守中,中國國民黨,"
台灣大學政治系學士
美國佛萊契爾外交法律研究院(哈佛大學合作管理)國際政治學博士
",https://www.ly.gov.tw/Pages/List.aspx?nodeid=1319
王金平,中國國民黨,"
國立臺灣師範大學數學系畢業
",https://www.ly.gov.tw/Pages/List.aspx?nodeid=1320
王世堅,民主進步黨,"
協進幼稚園
中山國小
新興國中
再興高中
國立中興大學
文化大學應用化學研究所碩士
",https://www.ly.gov.tw/Pages/List.aspx?nodeid=1321
王世勛,民主進步黨,"
國立台中技術學院畢業
",https://www.ly.gov.tw/Pages/List.aspx?nodeid=1322
王幸男,民主進步黨,"
陸軍官校專修班畢業
",https://www.ly.gov.tw/Pages/List.aspx?nodeid=1323
王拓,民主進步黨,"
基隆市八斗子國小畢業
省立基隆中學畢業
國立師範大學學士
國立政治大學碩士
",https://www.ly.gov.tw/Pages/List.aspx?nodeid=1324
王昱婷,中國國民黨,"
永福國小
中山國中
家齊女中
輔仁大學法律系
北京大學經濟法研究所
",https://www.ly.gov.tw/Pages/List.aspx?nodeid=1325
王淑慧,民主進步黨,"
雙園國小
華江中學
板橋高中
輔仁大學
台灣大學政治研究所
美國伊利諾州州立大學環境保護研究
淡江大學教育政策與領導研究所碩士
",https://www.ly.gov.tw/Pages/List.aspx?nodeid=1326
王塗發,民主進步黨,"
美國聖塔芭芭拉加州大學經濟學碩士、博士
國立中興大學台北夜間部經濟學學士
",https://www.ly.gov.tw/Pages/List.aspx?nodeid=1327
王榮璋,民主進步黨,"
國立岡山高級中學
",https://www.ly.gov.tw/Pages/List.aspx?nodeid=1328
尹伶瑛,無黨籍,"
中正大學杜會福利研究所
凱達格蘭學校第一期女性公共事務領導班
",https://www.ly.gov.tw/Pages/List.aspx?nodeid=1330
孔文吉,中國國民黨,"
英國羅芙堡大學(Loughorough Univ.)社會學系媒體研究組博士
美國奧勒岡大學(University of Oregon)新聞碩士
台灣大學外文系畢業
",https://www.ly.gov.tw/Pages/List.aspx?nodeid=1331
田秋堇,民主進步黨,"
台灣大學哲學系
",https://www.ly.gov.tw/Pages/List.aspx?nodeid=1332
白添枝,中國國民黨,"
北峰國小畢業
瑞芳國中畢業
崇義高中肄業
",https://www.ly.gov.tw/Pages/List.aspx?nodeid=1333
伍錦霖,中國國民黨,"
美國耶魯大學組織管理學院(S.O.M)研究
政治大學公共行政研究所畢業
甲等特考最優等及格(民國70年)
高考及格(大學三年級)
",https://www.ly.gov.tw/Pages/List.aspx?nodeid=1334
朱俊曉,中國國民黨,"
日本大學管理工學士畢業
格致高中畢業
徐匯中學畢業
三重市正義國小畢業
",https://www.ly.gov.tw/Pages/List.aspx?nodeid=1335
朱鳳芝,中國國民黨,"
成功大學外文系
淡江大學大陸研究所碩士
",https://www.ly.gov.tw/Pages/List.aspx?nodeid=1336
江丙坤,中國國民黨,"
日本國立東京大學研究院農經博士
",https://www.ly.gov.tw/Pages/List.aspx?nodeid=1337
江昭儀,民主進步黨,"
員林國小
省立員林中學
東海大學經濟系
美國田納西州孟菲爾州立大學經濟碩士
",https://www.ly.gov.tw/Pages/List.aspx?nodeid=1338
江連福,中國國民黨,"
坪林國小畢業
太平國中畢業
勤益高中畢業
東海大學經營管理師研究班
國立勤益技術學院流通管理科
",https://www.ly.gov.tw/Pages/List.aspx?nodeid=1339
何敏豪,民主進步黨,"
東海大學公共行政碩士
美國加州進修管理科學
國立中興大學企管系畢業
立人高中
育英國中
成功國小
",https://www.ly.gov.tw/Pages/List.aspx?nodeid=1340
何智輝,中國國民黨,"
台北工專工業工程科畢業
國立台北科技大學生產與管理研究所碩士
",https://www.ly.gov.tw/Pages/List.aspx?nodeid=1341
余政道,民主進步黨,"
國立台灣大學EMBA
美國南加州大學公共行政學院博士班研究
美國紐澤西州立大學財金研究所
美國南加州大學公共行政法學碩士
台北醫學大學畢業
",https://www.ly.gov.tw/Pages/List.aspx?nodeid=1342
吳光訓,中國國民黨,"
義守大學企研所碩士畢業
",https://www.ly.gov.tw/Pages/List.aspx?nodeid=1343
吳成典,中國國民黨,"
輔仁大學
美國凱斯西儲大學化學博士
",https://www.ly.gov.tw/Pages/List.aspx?nodeid=1344
吳志揚,中國國民黨,"
台北市立建國高級中學
台灣大學法學碩士
美國哈佛大學法學碩士
台灣大學法律系司法組
",https://www.ly.gov.tw/Pages/List.aspx?nodeid=1345
吳育昇,中國國民黨,"
政治大學公共行政研究所碩士
政治大學政治系學士
台南一中
嘉義縣新港國中
嘉義縣新港國小
",https://www.ly.gov.tw/Pages/List.aspx?nodeid=1346
吳松柏,中國國民黨,"
美國西大平洋大學企業管理學系
美國M&N大學榮譽博士
",https://www.ly.gov.tw/Pages/List.aspx?nodeid=1347
吳秉叡,民主進步黨,"
成功高中
政治大學法律系學士
政治大學法律研究所碩士
司法官29期結業
凱達格蘭學校國策班第一期結業
",https://www.ly.gov.tw/Pages/List.aspx?nodeid=1348
吳英毅,中國國民黨,"
台灣大學醫學系
榮總科住院醫師
美國外科醫學博士
國際外科學院研究員
",https://www.ly.gov.tw/Pages/List.aspx?nodeid=1349
吳清池,親民黨,"
沙崙國小
光華國中
光華高中
政治大學法律系實務班結業
革命實踐研究院結業
",https://www.ly.gov.tw/Pages/List.aspx?nodeid=1350
吳富貴,民主進步黨,"
中華大學工業工程管理研究所碩士
國立師範大學數學系畢業
台中一中
岸裡國小
",https://www.ly.gov.tw/Pages/List.aspx?nodeid=1351
吳敦義,中國國民黨,"
草屯鎮新庄國小畢業
省立台中一中初、高中畢業
國立台灣大學畢業
",https://www.ly.gov.tw/Pages/List.aspx?nodeid=1352
呂學樟,中國國民黨,"
明新科技大學畢業
國立交通大學管理學院結業
英國國立格萊摩根大學碩士
",https://www.ly.gov.tw/Pages/List.aspx?nodeid=1353
李全教,中國國民黨,"
安定國小
安定國中
台南一中
國立台北科技大學
美國馬凱大學電機碩士
美國伊利諾大學電機博士班
美國加州聯合大學(CSPP)管理學博士
",https://www.ly.gov.tw/Pages/List.aspx?nodeid=1356
李和順,無黨團結聯盟,"
私立遠東技術學院畢業
私立神州高補校畢業
麻豆國中畢業
雙春國小畢業
",https://www.ly.gov.tw/Pages/List.aspx?nodeid=1357
李昆澤,民主進步黨,"
輔仁大學歷史系畢
中山大學政治學碩士
",https://www.ly.gov.tw/Pages/List.aspx?nodeid=1358
李明憲,民主進步黨,"
東海大學法律實務研究班
",https://www.ly.gov.tw/Pages/List.aspx?nodeid=1359
李俊毅,民主進步黨,"
國立政治大學公共行政系畢
公共行政研究碩士
台南二中
城光中學
歸南國小
",https://www.ly.gov.tw/Pages/List.aspx?nodeid=1360
李紀珠,中國國民黨,"
國立台灣大學經濟系保送直升經濟學博士
國立台灣大學第一位保送直升經濟學博士(最年輕經濟學博士，26歲)
",https://www.ly.gov.tw/Pages/List.aspx?nodeid=1361
李敖,無黨籍,"
台灣大學歷史研究所肄業
",https://www.ly.gov.tw/Pages/List.aspx?nodeid=1362
李復興,中國國民黨,"
國立台中技術學院
日本國立東京外國語大學文學士
日本國立東京學藝大學教育學碩士
日本國立九州大學博士班
",https://www.ly.gov.tw/Pages/List.aspx?nodeid=1363
李嘉進,中國國民黨,"
台南縣培文國小
台南縣立麻豆國中
台灣省立北門高中
國立中興大學財稅系畢業
日本國立筑波大學經濟學碩士
",https://www.ly.gov.tw/Pages/List.aspx?nodeid=1364
李慶安,中國國民黨,"
韓國清州大學教育學榮譽博士
美國馬里蘭大學傳播碩士
政治大學新聞系畢業
北一女中畢業
",https://www.ly.gov.tw/Pages/List.aspx?nodeid=1365
李慶華,中國國民黨,"
紐約大學歷史學博士
政治大學法律系學士
",https://www.ly.gov.tw/Pages/List.aspx?nodeid=1366
李鴻鈞,親民黨,"
日本大學結構工程博士
黎明工專畢
",https://www.ly.gov.tw/Pages/List.aspx?nodeid=1367
李鎮楠,民主進步黨,"
文化大學
",https://www.ly.gov.tw/Pages/List.aspx?nodeid=1368
李顯榮,民主進步黨,"
台南一中畢業
淡江大學建築系
教育政策領導研究所
美國企管博士
高考及格
全國傑出建築師
政大教育博士班
美國哈佛大學高級行政班結業
",https://www.ly.gov.tw/Pages/List.aspx?nodeid=1369
杜文卿,民主進步黨,"
育達商業技術學院企管系畢
育達商業技術學院資管研究所研究
美國加州大學長堤分校國際社工研究所研究
",https://www.ly.gov.tw/Pages/List.aspx?nodeid=1370
沈智慧,親民黨,"
文化大學新聞系畢業
企管輔系
",https://www.ly.gov.tw/Pages/List.aspx?nodeid=1371
沈發惠,民主進步黨,"
國立台灣大學政治學研究所
東海大學法律系
日本經濟產業研究所研究
",https://www.ly.gov.tw/Pages/List.aspx?nodeid=1372
周守訓,中國國民黨,"
民族國小
介壽國中
延平高中
世新大學
美國艾森傳播學院傳播學碩士
美國康乃爾大學政策分析暨管理學博士
",https://www.ly.gov.tw/Pages/List.aspx?nodeid=1374
林正二,親民黨,"
臺東縣大王國小
省立臺東中學畢業
省立屏東師專畢業
國立臺灣師範大學教育系畢業
臺灣師大教育研究所結業
",https://www.ly.gov.tw/Pages/List.aspx?nodeid=1376
林正峰,中國國民黨,"
龜山國小
武陵初中
桃園高中
開南管理學院
",https://www.ly.gov.tw/Pages/List.aspx?nodeid=1377
林育生,民主進步黨,"
國立台灣大學農學院畢業
國立政治大學EMBA研究所研究
",https://www.ly.gov.tw/Pages/List.aspx?nodeid=1378
林岱樺,民主進步黨,"
國立台北大學企管博士班
美國威斯康辛大學大眾傳播碩士
德國卡塞爾大學德語教學結業
輔仁大學德文系畢
",https://www.ly.gov.tw/Pages/List.aspx?nodeid=1379
林南生,中國國民黨,"
成功大學附設高工
國際商專企管科
美國華盛頓州西提大學企管碩士
",https://www.ly.gov.tw/Pages/List.aspx?nodeid=1380
林建榮,中國國民黨,"
員山鄉深溝國小
省立宜蘭中學初、高中部
國立台灣師範大學公訓系畢業
國立台灣師範大學教育研究所結業
",https://www.ly.gov.tw/Pages/List.aspx?nodeid=1381
林春德,親民黨,"
省立台中一中初中部畢
省立屏東師範學校普師科畢
國立台灣師範大學教育學系畢
",https://www.ly.gov.tw/Pages/List.aspx?nodeid=1382
林為洲,無黨籍,"
豐田國小
竹北國中
竹東高中
中央大學中文系
台大歷史研究所
",https://www.ly.gov.tw/Pages/List.aspx?nodeid=1383
林炳坤,無黨團結聯盟,"
台灣大學圖管系畢
",https://www.ly.gov.tw/Pages/List.aspx?nodeid=1384
林郁方,中國國民黨,"
美國維吉尼亞大學國際政治學博士
淡江大學美國研究所碩士
淡江大學英國文學系學士
高雄中學
美和中學
",https://www.ly.gov.tw/Pages/List.aspx?nodeid=1385
林重謨,民主進步黨,"
省立員林中學畢業
中原大學工業工程學系畢業
美國聖地牙哥大學人力資源發展中心研究
",https://www.ly.gov.tw/Pages/List.aspx?nodeid=1386
林益世,中國國民黨,"
台南一中畢業
台北醫學院牙醫系畢業
",https://www.ly.gov.tw/Pages/List.aspx?nodeid=1387
林耘生,民主進步黨,"
東海大學碩士
東海大學學士
",https://www.ly.gov.tw/Pages/List.aspx?nodeid=1388
林國慶,民主進步黨,"
私立育德工商畢業
中正大學學士班結業
國立中正大學政治學學士班結業
凱達格蘭學校第二期民間領袖與地方發展班結業
",https://www.ly.gov.tw/Pages/List.aspx?nodeid=1389
林淑芬,民主進步黨,"
世新大學社會發展研究所
中興大學社會系
",https://www.ly.gov.tw/Pages/List.aspx?nodeid=1390
林惠官,親民黨,"
馬祖東莒國小
馬祖敬恆國中
台北科技大學電機工程科
加拿大皇家大學EMBA
",https://www.ly.gov.tw/Pages/List.aspx?nodeid=1391
林進興,民主進步黨,"
醫療政策博士(美、約翰霍普金斯)
醫學士(高雄醫學院)
",https://www.ly.gov.tw/Pages/List.aspx?nodeid=1392
林滄敏,中國國民黨,"
國立台中技術學院畢業
東海大學公共行政研究
",https://www.ly.gov.tw/Pages/List.aspx?nodeid=1393
林德福,中國國民黨,"
台北縣立頂溪國小畢業
省立板橋中學畢業
私立開南高級商工職業學校畢業
國立政治大學法律實務研究班結業
",https://www.ly.gov.tw/Pages/List.aspx?nodeid=1394
林樹山,民主進步黨,"
新興國小
台西國中
國立嘉義師範學院(師專)音樂組
東海大學地政與法律實務班
國立高雄師範大學國文系、國文研究所
",https://www.ly.gov.tw/Pages/List.aspx?nodeid=1395
林鴻池,中國國民黨,"
建國中學
成功大學交管系
政大政治研究所碩士
",https://www.ly.gov.tw/Pages/List.aspx?nodeid=1397
邱毅,中國國民黨,"
台灣大學經濟學博士
美國康乃爾大學博士後研究
",https://www.ly.gov.tw/Pages/List.aspx?nodeid=1398
邱創進,民主進步黨,"
彰化市中山國小
彰化國中
省立彰化高中
逢甲大學建築系
大葉大學工業關係所碩士
",https://www.ly.gov.tw/Pages/List.aspx?nodeid=1400
邱鏡淳,中國國民黨,"
竹東高中畢業
明新科技大學畢業
美國聖湯瑪斯大學國際管理碩士
",https://www.ly.gov.tw/Pages/List.aspx?nodeid=1401
侯水盛,民主進步黨,"
省立台南二中畢
中國醫藥學院醫學系畢
美國聖路易大學醫管碩士
美國聖路易大學醫學博士
",https://www.ly.gov.tw/Pages/List.aspx?nodeid=1402
侯彩鳳,中國國民黨,"
私立正修科技大學電子工程科畢
國立中山大學社科院高階公共政策碩士在職專班
",https://www.ly.gov.tw/Pages/List.aspx?nodeid=1403
帥化民,中國國民黨,"
陸軍官校36期
三軍大學陸軍指參學院
美國陸軍參謀指揮大學1978班
國防大學戰爭學院兵學研究所
",https://www.ly.gov.tw/Pages/List.aspx?nodeid=1404
柯俊雄,中國國民黨,"
高雄市立二中畢業
日本東京大學進修
香港聖約林書院進修
國立藝專
",https://www.ly.gov.tw/Pages/List.aspx?nodeid=1405
柯建銘,民主進步黨,"
新竹國小
新竹一中(建華國中)
新竹中學
中山醫學院
交通大學EMBA
",https://www.ly.gov.tw/Pages/List.aspx?nodeid=1406
柯淑敏,親民黨,"
美國貝佛大學企業管理碩士 
文化大學觀光研究所研究生
聖心女中
蘆洲國小
",https://www.ly.gov.tw/Pages/List.aspx?nodeid=1407
洪玉欽,中國國民黨,"
國家法學博士
文化大學法學碩士
東吳大學法律系學士
新營中學高中
新營中學初中
下營國小
",https://www.ly.gov.tw/Pages/List.aspx?nodeid=1408
洪秀柱,中國國民黨,"
中國文化大學法律系畢業
美國密蘇里州立東北大學教育碩士
",https://www.ly.gov.tw/Pages/List.aspx?nodeid=1409
洪奇昌,民主進步黨,"
加拿大多倫多大學社區醫學研究所醫學碩士畢業
",https://www.ly.gov.tw/Pages/List.aspx?nodeid=1410
紀國棟,中國國民黨,"
龍峰
瑞峰
沙鹿國小
沙鹿國中
臺中二中
文化大學法律系畢業
東海大學公共行政研究班
中興大學國際政治研究所碩士
",https://www.ly.gov.tw/Pages/List.aspx?nodeid=1411
唐碧娥,民主進步黨,"
日本宇都宮大學學士
",https://www.ly.gov.tw/Pages/List.aspx?nodeid=1412
孫大千,中國國民黨,"
美國俄亥俄州立大學工業、焊接與系統工程博士
國立台灣大學化學工程學系學士
",https://www.ly.gov.tw/Pages/List.aspx?nodeid=1413
徐中雄,中國國民黨,"
美國北科羅拉多大學身心障礙哲學博士
美國北科羅拉多大學特殊教育碩士
東吳大學政治系
豐原高中
明道中學
瑞穗國小
",https://www.ly.gov.tw/Pages/List.aspx?nodeid=1414
徐少萍,中國國民黨,"
東吳大學法律系畢業
",https://www.ly.gov.tw/Pages/List.aspx?nodeid=1415
徐國勇,民主進步黨,"
國立台北師範學院畢業
國立中興大學法律系法學士
國立台灣海洋大學海洋法律研究所法學碩士
律師高考及格
",https://www.ly.gov.tw/Pages/List.aspx?nodeid=1417
徐耀昌,中國國民黨,"
親民工專畢業
中華大學
",https://www.ly.gov.tw/Pages/List.aspx?nodeid=1418
翁重鈞,中國國民黨,"
文化大學新聞系畢業
文化大學國際企業管理研究所畢業
國立台灣大學會計研究所(EMBA)畢業
",https://www.ly.gov.tw/Pages/List.aspx?nodeid=1419
高志鵬,民主進步黨,"
台大EMBA商學研究所
輔仁大學法律系財經法律組畢業
",https://www.ly.gov.tw/Pages/List.aspx?nodeid=1420
高金素梅,無黨團結聯盟,"
臺中縣和平國小
台中縣和平國中
青年高中影視科畢業
",https://www.ly.gov.tw/Pages/List.aspx?nodeid=1421
高建智,民主進步黨,"
深坑國小
木柵初中
世界新專畢業
",https://www.ly.gov.tw/Pages/List.aspx?nodeid=1422
高思博,中國國民黨,"
國立台灣大學法律系畢業
美國喬治華盛頓大學法學博士
",https://www.ly.gov.tw/Pages/List.aspx?nodeid=1423
張昌財,中國國民黨,"
內定國小
內壢初中畢業
明志工專化工科畢業
國立台灣科技大學化工系畢業
美國威斯康辛大學能源科碩士
美國威斯康辛大學工學博士
",https://www.ly.gov.tw/Pages/List.aspx?nodeid=1425
張花冠,民主進步黨,"
中興大學企業管理系畢業
凱達格蘭學校第一期女性公共事務班
",https://www.ly.gov.tw/Pages/List.aspx?nodeid=1426
張碩文,中國國民黨,"
美國科羅拉多州
克麗斯蒂安大學科技管理碩士畢業
",https://www.ly.gov.tw/Pages/List.aspx?nodeid=1428
張慶忠,中國國民黨,"
中華大學工學碩士
台北科技大學
瑞芳高級工業學校
基隆一中初中部
瑞芳鎮九份國小
",https://www.ly.gov.tw/Pages/List.aspx?nodeid=1429
張慶惠,民主進步黨,"
淡江大學公共政策研究所碩士班研究
",https://www.ly.gov.tw/Pages/List.aspx?nodeid=1430
張麗善,無黨籍,"
雲林縣馬光國小
雲林縣土庫國中
台中曉明女中
國立虎尾科技大學
",https://www.ly.gov.tw/Pages/List.aspx?nodeid=1431
張顯耀,親民黨,"
法國巴黎第一大學政治學博士
",https://www.ly.gov.tw/Pages/List.aspx?nodeid=1432
曹來旺,民主進步黨,"
龍華科技大學
美國加州加利福尼亞大學企管碩士
",https://www.ly.gov.tw/Pages/List.aspx?nodeid=1433
曹爾忠,中國國民黨,"
馬祖高中第四屆畢業
中央警察大學法學士法學碩士
憲兵專科學校國防管理學院革命實踐研究院
美國杜克大學經濟政策研究結業
",https://www.ly.gov.tw/Pages/List.aspx?nodeid=1435
梅長錡,親民黨,"
台大畢業
加州柏克萊大學化學博士
",https://www.ly.gov.tw/Pages/List.aspx?nodeid=1436
莊和子,民主進步黨,"
中山醫學院護理系畢業
台灣護理師與助產士執照
美國註冊護士執照
",https://www.ly.gov.tw/Pages/List.aspx?nodeid=1437
莊碩漢,民主進步黨,"
建國中學畢業
國立台灣大學政治系學士
美國南加州大學政治學博士
",https://www.ly.gov.tw/Pages/List.aspx?nodeid=1438
許舒博,中國國民黨,"
私立正心中學
省立嘉義高級中學
比利時魯汶大學
國立中正大學犯罪防治研究所
",https://www.ly.gov.tw/Pages/List.aspx?nodeid=1439
郭正亮,民主進步黨,"
1995年美國耶魯大學政治學博士
1988年臺大社會學碩士
1984年臺灣大學心理學學士
",https://www.ly.gov.tw/Pages/List.aspx?nodeid=1440
郭林勇,台灣團結聯盟,"
國立中興大法學碩士
",https://www.ly.gov.tw/Pages/List.aspx?nodeid=1441
郭玟成,民主進步黨,"
過路國小
興國中學
台南二中
育達商業技術學院肄業
",https://www.ly.gov.tw/Pages/List.aspx?nodeid=1442
郭俊銘,民主進步黨,"
東勢國小
師大附中
國立成功大學畢業
",https://www.ly.gov.tw/Pages/List.aspx?nodeid=1443
郭素春,中國國民黨,"
美國威廉伍德大學企管研究所碩士
",https://www.ly.gov.tw/Pages/List.aspx?nodeid=1444
郭榮宗,民主進步黨,"
國立中壢高中畢業
國立海洋大學航管系畢業
國立海洋大學航管研究所碩士
",https://www.ly.gov.tw/Pages/List.aspx?nodeid=1445
陳杰,中國國民黨,"
彰化高商畢業
台中商專附設空專畢
日本進畿大學畢業
政大行政管理碩士班
",https://www.ly.gov.tw/Pages/List.aspx?nodeid=1446
陳志彬,中國國民黨,"
草屯國小畢業
草屯初中畢業
台中二中畢業
國立中興大學企管系畢業
",https://www.ly.gov.tw/Pages/List.aspx?nodeid=1447
陳秀卿,中國國民黨,"
彰化師範大學EMBA班
",https://www.ly.gov.tw/Pages/List.aspx?nodeid=1448
陳秀惠,民主進步黨,"
香港中文大學崇基神學組
",https://www.ly.gov.tw/Pages/List.aspx?nodeid=1449
陳明真,民主進步黨,"
清華大學核子工程系學士
愛荷華州立大學核子工程博士
",https://www.ly.gov.tw/Pages/List.aspx?nodeid=1450
陳金德,民主進步黨,"
馬賽國小
文化國中
台北工專
台灣科技大學
台大化工研究所碩士班畢業
台大管理學院商學研究所研究生(EMBA)
",https://www.ly.gov.tw/Pages/List.aspx?nodeid=1451
陳根德,中國國民黨,"
大學肄業
",https://www.ly.gov.tw/Pages/List.aspx?nodeid=1453
陳啟昱,民主進步黨,"
台北市建國中學
台灣大學社會學系畢業
",https://www.ly.gov.tw/Pages/List.aspx?nodeid=1454
陳朝容,中國國民黨,"
埔鹽國中畢
彰化高工畢
台中商專畢
法國耶森管理學院(肄業)
",https://www.ly.gov.tw/Pages/List.aspx?nodeid=1456
陳朝龍,民主進步黨,"
台北縣瑞芳國小
基隆中學
台北工專電機科
台北科技大學電機
工程研究所碩士
",https://www.ly.gov.tw/Pages/List.aspx?nodeid=1457
陳進丁,無黨團結聯盟,"
陸軍運輸學校
政治大學企業管理
中興大學夜間部公共行政
美國西太平洋大學企業管理碩士
",https://www.ly.gov.tw/Pages/List.aspx?nodeid=1458
陳銀河,台灣團結聯盟,"
私立中國文化大學工學士、研究所畢業
",https://www.ly.gov.tw/Pages/List.aspx?nodeid=1459
陳瑩,民主進步黨,"
台東師院附小
台東縣立新生國中
高雄文藻語專
美國夏威夷楊百翰大學
2000年畢業於美國舊金山音樂學院取得鋼琴演奏學士
2002年取得美國伊利諾大學香檳園大鍵琴碩士
美國伊利諾大學香檳校園音樂博士修業完畢
",https://www.ly.gov.tw/Pages/List.aspx?nodeid=1460
陳憲中,民主進步黨,"
水林尖山國小畢業
北港初中畢業
北港高中畢業
淡江大學銀行系畢業
",https://www.ly.gov.tw/Pages/List.aspx?nodeid=1461
章仁香,中國國民黨,"
中國文化大學實業計劃研究所碩士
國立中興大學植物學系學士
革命實踐研究院政治人才培訓班第一期結業
",https://www.ly.gov.tw/Pages/List.aspx?nodeid=1462
蔣孝嚴,中國國民黨,"
美國聖約翰大學榮譽法學博士
美國喬治城大學碩士
東吳大學學士
省立新竹中學
",https://www.ly.gov.tw/Pages/List.aspx?nodeid=1463
傅崐萁,親民黨,"
省立花蓮中學
淡江大學交通管理學系
淡江大學大陸研究所
東華大學公共行政研究所
",https://www.ly.gov.tw/Pages/List.aspx?nodeid=1464
彭添富,民主進步黨,"
中華大學科技管理研究所博士班
",https://www.ly.gov.tw/Pages/List.aspx?nodeid=1465
彭紹瑾,民主進步黨,"
台灣大學法律系畢業
東吳大學法研所碩士
德國慕尼黑大學法學博士
",https://www.ly.gov.tw/Pages/List.aspx?nodeid=1466
曾永權,中國國民黨,"
逢甲大學畢業
61年高等考試優等及格
美諾斯諾普大學工研所
",https://www.ly.gov.tw/Pages/List.aspx?nodeid=1467
曾華德,中國國民黨,"
國立臺東農工職業學校
省立屏東師專
東海大學公共行政班人力管理訓練結業
第一期國家發展研究班
",https://www.ly.gov.tw/Pages/List.aspx?nodeid=1468
曾燦燈,台灣團結聯盟,"
美國北科羅拉多州立大學教育行政管理博士
國立台灣師範大學教育研究所博士班肄業
李登輝學校國政研究班第一期結業
",https://www.ly.gov.tw/Pages/List.aspx?nodeid=1469
湯火聖,民主進步黨,"
省立台中一中畢業
輔仁大學社會學系畢業
美國科州Regis University 企管碩士
",https://www.ly.gov.tw/Pages/List.aspx?nodeid=1470
費鴻泰,中國國民黨,"
美國肯塔基大學統計學博士
美國北伊利諾大學統計學碩士
國立中興大學統計學學士
成功高中
大安國中
三興國小
信義國小
",https://www.ly.gov.tw/Pages/List.aspx?nodeid=1471
馮定國,親民黨,"
台中縣霧峰光復國小
省立臺中一中
建國中學
文化大學經濟系法學士
美國紐約市立大學電腦碩士
美國丹佛大學電腦教育博士
",https://www.ly.gov.tw/Pages/List.aspx?nodeid=1472
黃志雄,中國國民黨,"
中國文化大學運動教練研究所碩士
中國文化大學體育系國術組學士
國立華僑實驗高級中學畢業
台北縣立樹林國中
台北縣立文林國小
",https://www.ly.gov.tw/Pages/List.aspx?nodeid=1473
黃宗源,民主進步黨,"
中華大學企業管理系畢業
",https://www.ly.gov.tw/Pages/List.aspx?nodeid=1474
黃昭順,中國國民黨,"
台南女中
高雄醫學大學藥學系
中山大學管理學院高階經營碩士班
",https://www.ly.gov.tw/Pages/List.aspx?nodeid=1476
黃昭輝,民主進步黨,"
台南神學院碩士
美國聖地牙哥州立大學高級研究員
高雄師範大學成人教育研究所
",https://www.ly.gov.tw/Pages/List.aspx?nodeid=1477
黃偉哲,民主進步黨,"
國立台灣大學學士
美國哈佛大學碩士
美國耶魯大學碩士
建國中學畢業
",https://www.ly.gov.tw/Pages/List.aspx?nodeid=1478
黃健庭,中國國民黨,"
美國加州聖塔克拉拉大學企管碩士
國立政治大學貿系畢業
",https://www.ly.gov.tw/Pages/List.aspx?nodeid=1479
黃淑英,民主進步黨,"
加拿大英屬哥倫比亞大學動物學碩士
輔仁大學生物系
",https://www.ly.gov.tw/Pages/List.aspx?nodeid=1481
黃義交,親民黨,"
省立虎尾中學畢業
淡江大學教育資料科學系畢業
文化大學中美關係研究所碩士
南非金山大學語文研究
英國牛津大學外交官訓練所畢業
",https://www.ly.gov.tw/Pages/List.aspx?nodeid=1482
黃劍輝,民主進步黨,"
中國文化大學法學碩士
美國杜魯大學法學博士班
",https://www.ly.gov.tw/Pages/List.aspx?nodeid=1483
黃德福,中國國民黨,"
政治大學政治研究所碩士
美國西北大學政治學博士
",https://www.ly.gov.tw/Pages/List.aspx?nodeid=1484
黃適卓,無黨籍,"
美國南加大公共行政博士
政治大學公共行政碩士
文化大政治學學士
",https://www.ly.gov.tw/Pages/List.aspx?nodeid=1485
楊仁福,中國國民黨,"
國立臺灣大學政治系畢業
",https://www.ly.gov.tw/Pages/List.aspx?nodeid=1486
楊宗哲,無黨籍,"
高中畢業
東海大學企管研究班進修
",https://www.ly.gov.tw/Pages/List.aspx?nodeid=1487
楊瓊瓔,中國國民黨,"
沙鹿國小畢業
沙鹿國中畢業
清水高中畢業
東海大學社會學系畢業
東海大學公共行政研究班結業
東海大學公共事務碩士
",https://www.ly.gov.tw/Pages/List.aspx?nodeid=1488
楊麗環,中國國民黨,"
成功國小
振聲中學
台北市立第一女子高級中學
高雄師範大學
法國史湯達爾大學碩士
法國巴黎大學準博士
",https://www.ly.gov.tw/Pages/List.aspx?nodeid=1489
葉宜津,民主進步黨,"
奧地利維也納音樂學院
美國港橋大學音樂教育碩士
",https://www.ly.gov.tw/Pages/List.aspx?nodeid=1490
葉芳雄,中國國民黨,"
竹北國小畢業
新竹高工畢業
明新工專畢業
政治作戰學校專修班十七期畢業
",https://www.ly.gov.tw/Pages/List.aspx?nodeid=1491
雷倩,中國國民黨,"
北一女中
台大外文系
美國賓州大學安娜伯格學院碩士、博士
",https://www.ly.gov.tw/Pages/List.aspx?nodeid=1492
廖本煙,民主進步黨,"
台北縣三峽鎮大埔國小
台北縣三峽鎮三峽國中
省立板橋高級中學
輔仁大學企業管理班
哈佛大學政經領袖班結業
台北大學土地開發班
中華大學企業管理學系
群策會李登輝學校國政班第一期結業
",https://www.ly.gov.tw/Pages/List.aspx?nodeid=1493
廖國棟,中國國民黨,"
都蘭國中
淡江中學
高雄醫學大學醫學系
美國加州太平洋國際大學道學碩士
",https://www.ly.gov.tw/Pages/List.aspx?nodeid=1494
廖婉汝,中國國民黨,"
車城國小、道明中學
省立高雄女中
國立臺灣師範大學教育系
國立政治大學企管碩士班EMBA
",https://www.ly.gov.tw/Pages/List.aspx?nodeid=1495
管碧玲,民主進步黨,"
國立台灣大學政治學博士
",https://www.ly.gov.tw/Pages/List.aspx?nodeid=1496
趙永清,民主進步黨,"
政治大學政治系法學士
美國紐約大學政治學碩士
美國政治管理研究院畢業
",https://www.ly.gov.tw/Pages/List.aspx?nodeid=1497
趙良燕,親民黨,"
文化大學政治學碩士
文化大學新聞系
高雄女中
鳳山國中
誠正國小
",https://www.ly.gov.tw/Pages/List.aspx?nodeid=1498
劉文雄,親民黨,"
國立政治大學地政系
海洋大學航管研究所碩士班畢業
",https://www.ly.gov.tw/Pages/List.aspx?nodeid=1499
劉盛良,中國國民黨,"
大同大學企管學士
美國加州人文大學榮譽博士
",https://www.ly.gov.tw/Pages/List.aspx?nodeid=1501
劉銓忠,中國國民黨,"
順天國民小學
大甲農校
培元高級職業學校畢業
",https://www.ly.gov.tw/Pages/List.aspx?nodeid=1502
劉寬平,台灣團結聯盟,"
美國賓州匹茲堡大學(1962)國際行政碩士
",https://www.ly.gov.tw/Pages/List.aspx?nodeid=1503
潘孟安,民主進步黨,"
美國夏威夷州檀香山大學EMBA
國立中山大學公共事務管理研究所
國立中興大學公共行政班
",https://www.ly.gov.tw/Pages/List.aspx?nodeid=1505
潘維剛,中國國民黨,"
台灣師範大學法學博士畢業
",https://www.ly.gov.tw/Pages/List.aspx?nodeid=1506
蔡正元,中國國民黨,"
哥倫比亞大學經濟學博士研究
哈佛大學政府研究所碩士
政治大學企業管理研究所碩士
臺灣師範大學教育學士
臺北市松山工農畢業
",https://www.ly.gov.tw/Pages/List.aspx?nodeid=1507
蔡同榮,民主進步黨,"
台南一中初中部畢業
嘉義中學高中部畢業
國立台灣大學法律系畢業
美國田納西大學政治學碩士
美國南加州大學政治學博士
",https://www.ly.gov.tw/Pages/List.aspx?nodeid=1508
蔡其昌,民主進步黨,"
東海大學歷史學碩士
東海大學歷史系
國立清水高中
沙鹿國中
清水國小
",https://www.ly.gov.tw/Pages/List.aspx?nodeid=1509
蔡家福,中國國民黨,"
文化大學地政班結業
美國夏威夷大學企管研究院結業
",https://www.ly.gov.tw/Pages/List.aspx?nodeid=1511
蔡啟芳,民主進步黨,"
國立空中大學進修
",https://www.ly.gov.tw/Pages/List.aspx?nodeid=1512
蔡勝佳,親民黨,"
美國NOVA東南大學企管博士
美國甘迺迪大學管理碩士
國立中興大學農學院
",https://www.ly.gov.tw/Pages/List.aspx?nodeid=1513
蔡豪,無黨團結聯盟,"
政治大學企研所
",https://www.ly.gov.tw/Pages/List.aspx?nodeid=1515
蔡錦隆,中國國民黨,"
中華大學碩士
",https://www.ly.gov.tw/Pages/List.aspx?nodeid=1516
鄭金玲,親民黨,"
楊梅鎮水美國小畢業
國立中壢高商初、高級部畢業
日本拓殖大學畢業
革命實踐研究院國家發展研究班結業
",https://www.ly.gov.tw/Pages/List.aspx?nodeid=1517
鄭國忠,民主進步黨,"
台南神學院神學系畢
美國芝加哥神學研究院神學碩士
澳洲南昆士蘭大學MBA企管碩士班
",https://www.ly.gov.tw/Pages/List.aspx?nodeid=1518
鄭朝明,民主進步黨,"
萬丹國校
中正初中
省立屏工
省立高雄工專
國立空中大學(三年)
1981年中醫師檢定考試及格
國立中山大學企業經營研究班結業
美國喬治亞MERCER大學企管碩士
教育部大學講師審定合格
",https://www.ly.gov.tw/Pages/List.aspx?nodeid=1519
鄭運鵬,民主進步黨,"
台北市立福星國民小學畢業
台北市私立延平中學直升班畢業
國立台灣大學土木系畢業
",https://www.ly.gov.tw/Pages/List.aspx?nodeid=1520
盧秀燕,中國國民黨,"
淡江大學國際事務與戰略研究所碩士
國立政治大學地政系學士
",https://www.ly.gov.tw/Pages/List.aspx?nodeid=1522
盧博基,民主進步黨,"
大漢工專土木科畢業
東華大學公共行政研究班結業
",https://www.ly.gov.tw/Pages/List.aspx?nodeid=1523
蕭美琴,民主進步黨,"
哥倫比亞大學政治學碩士
美國歐柏林大學東亞研究學士
",https://www.ly.gov.tw/Pages/List.aspx?nodeid=1524
賴士葆,中國國民黨,"
成大機械系學士
政大企研所碩士
美國南加州大學工業與系統工程碩、博士
",https://www.ly.gov.tw/Pages/List.aspx?nodeid=1525
賴幸媛,台灣團結聯盟,"
英國薩賽克斯大學發展研究博士、碩士
英國倫敦大學政治經濟學院國際關係碩士
",https://www.ly.gov.tw/Pages/List.aspx?nodeid=1526
賴清德,民主進步黨,"
台灣大學復健醫學系畢
成功大學學士後醫學系畢
哈佛大學公共衛生碩士
",https://www.ly.gov.tw/Pages/List.aspx?nodeid=1527
薛凌,民主進步黨,"
國立政治大學公共關係研習班結業
",https://www.ly.gov.tw/Pages/List.aspx?nodeid=1528
謝文政,中國國民黨,"
紐西蘭維多利亞大學法學碩士
政治大學外交所研究、外交系畢
",https://www.ly.gov.tw/Pages/List.aspx?nodeid=1529
謝明源,民主進步黨,"
國立中興大學國際政治研究所
南華大學公共事務碩士學分班
國立中興大學企業管理學系
省立高雄中學
",https://www.ly.gov.tw/Pages/List.aspx?nodeid=1530
謝欣霓,民主進步黨,"
聖心女中
靜宜大學畢業
美國喬治華盛頓大學政治研究
",https://www.ly.gov.tw/Pages/List.aspx?nodeid=1531
謝國樑,中國國民黨,"
美國麻省理工學院科技管理學碩士
美國南加大學社會系學士
",https://www.ly.gov.tw/Pages/List.aspx?nodeid=1532
鍾紹和,親民黨,"
屏東中學畢
文化大學畢
中山大學公共行政研究所研究
中山大學大陸研究所
",https://www.ly.gov.tw/Pages/List.aspx?nodeid=1533
鍾榮吉,親民黨,"
國立政治大學新聞系畢業
美國東西文化中心國際傳播所結業
",https://www.ly.gov.tw/Pages/List.aspx?nodeid=1534
藍美津,民主進步黨,"
台北市立高商畢業
",https://www.ly.gov.tw/Pages/List.aspx?nodeid=1535
顏文章,民主進步黨,"
淡江大學公關班
凱達格蘭學校第一期民間領袖與地方發展班結業
",https://www.ly.gov.tw/Pages/List.aspx?nodeid=1536
顏清標,無黨團結聯盟,"
高中畢
",https://www.ly.gov.tw/Pages/List.aspx?nodeid=1537
魏明谷,民主進步黨,"
大葉大學事經營研究所畢業
台中商專
員林高中
埔心國中
太平國小
",https://www.ly.gov.tw/Pages/List.aspx?nodeid=1538
羅世雄,中國國民黨,"
三民國小
七賢國中
高雄中學
成功大學企管系
中山大學人力資源管理研究所
中山大學企業管研究所畢
中山大學企管系博士班
",https://www.ly.gov.tw/Pages/List.aspx?nodeid=1539
羅志明,台灣團結聯盟,"
佳佐國小
萬巒國中
國立高雄師範大學工業教育系
美國聖克勞大學科技教育研究所碩士
美國愛荷華大學科技教育博士
",https://www.ly.gov.tw/Pages/List.aspx?nodeid=1540
羅明才,中國國民黨,"
美國華盛頓城市大學企業管理學碩士
",https://www.ly.gov.tw/Pages/List.aspx?nodeid=1541
蘇起,中國國民黨,"
政治大學外交系學士
美國約翰霍甫金斯大學國際關係碩士
美國哥倫比亞大學政治學博士
",https://www.ly.gov.tw/Pages/List.aspx?nodeid=1542
許榮淑,民主進步黨,"
國立臺灣師範大學畢業
國立中山大學IEMBA碩士
",https://www.ly.gov.tw/Pages/List.aspx?nodeid=1544
吳明敏,民主進步黨,"
美國俄亥俄州立大學農業經濟和鄉村社會學系 博士
中興大學農業經濟學系 碩士
中興大學農業經濟學系 學士
",https://www.ly.gov.tw/Pages/List.aspx?nodeid=1545
江義雄,中國國民黨,"
日本明治大學法學博士
",https://www.ly.gov.tw/Pages/List.aspx?nodeid=1546
林文郎,民主進步黨,"
台北市立士林高級商業職業學校
",https://www.ly.gov.tw/Pages/List.aspx?nodeid=1547
許德祥,民主進步黨,"
東港國中畢業
",https://www.ly.gov.tw/Pages/List.aspx?nodeid=1548
李復甸,親民黨,"
中國文化大學法學博士
東吳大學法律學研究所法學碩士
",https://www.ly.gov.tw/Pages/List.aspx?nodeid=1549
林志嘉,台灣團結聯盟,"
輔仁大學化學學士
美國田納西州州立大學化學碩士
美國田納西州州立大學政府行政管理博士班
",https://www.ly.gov.tw/Pages/List.aspx?nodeid=1550
黃誠,民主進步黨,"
高職畢
公務人員普考及格土木科
",https://www.ly.gov.tw/Pages/List.aspx?nodeid=1551
楊芳婉,民主進步黨,"
台灣大學法學士
美國德州大學奧斯汀分校圖書資訊碩士
",https://www.ly.gov.tw/Pages/List.aspx?nodeid=1552
陳東榮,民主進步黨,"
南加州台灣同鄉會會長
全美台灣同鄉會副會長
世界台灣同鄉會秘書長、顧問
海外南長北扁後援會總幹事
海外南長北元後援會總幹事
世界台灣同鄉會挺扁後援會幹事
",https://www.ly.gov.tw/Pages/List.aspx?nodeid=1553
黃良華,中國國民黨,"
中國文化大學畢業
",https://www.ly.gov.tw/Pages/List.aspx?nodeid=1554
陳宗仁,民主進步黨,"
元智大學管理研究所管理學碩士
",https://www.ly.gov.tw/Pages/List.aspx?nodeid=1555
羅淑蕾,親民黨,"
東吳大學會計系
高考會計師及格
",https://www.ly.gov.tw/Pages/List.aspx?nodeid=1556
尤清,民主進步黨,"
德國海德堡大學法學博士
",https://www.ly.gov.tw/Pages/List.aspx?nodeid=1329
李文忠,民主進步黨,"
台灣大學政治系
淡江大學戰略研究所在職進修專班
",https://www.ly.gov.tw/Pages/List.aspx?nodeid=1354
李永萍,中國國民黨,"
美國紐約大學新聞碩士
教育部公費留學考大眾傳播科第一名
臺灣大學外文學系畢業
北一女畢業
私立衛理女中畢業
北市中山國小畢業
",https://www.ly.gov.tw/Pages/List.aspx?nodeid=1355
卓伯源,中國國民黨,"
台灣大學法律系學士畢
海洋大學法學碩士
",https://www.ly.gov.tw/Pages/List.aspx?nodeid=1373
周錫瑋,中國國民黨,"
輔仁大學傳播學士
美國南加州大學公共行政碩士
美國南加州大學企業管理碩士
",https://www.ly.gov.tw/Pages/List.aspx?nodeid=1375
林濁水,民主進步黨,"
政治大學畢業
",https://www.ly.gov.tw/Pages/List.aspx?nodeid=1396
邱永仁,民主進步黨,"
高雄醫學大學醫學士
日本久留米大學醫學博士
美國加州大學舊金山醫學院博士後研究
",https://www.ly.gov.tw/Pages/List.aspx?nodeid=1399
徐志明,民主進步黨,"
高雄縣大寮國小畢業
高雄縣大寮國中畢業
私立神州高中畢業
英國奈布萊茲大學畢業
國立中山大學政治學研究所碩士學分班研究
",https://www.ly.gov.tw/Pages/List.aspx?nodeid=1416
張川田,民主進步黨,"
東海大學政治系畢業
教育部留學考試及格
台灣大學國家發展研究所碩士畢業
",https://www.ly.gov.tw/Pages/List.aspx?nodeid=1424
張俊雄,民主進步黨,"
台大法律系
",https://www.ly.gov.tw/Pages/List.aspx?nodeid=1427
曹壽民,中國國民黨,"
台灣大學土木工程學系學士
美國馬里蘭大學土木工程系碩士
美國馬里蘭大學土木工程系博士
",https://www.ly.gov.tw/Pages/List.aspx?nodeid=1434
陳重信,民主進步黨,"
哈佛大學公共衛生學院公衛碩士
紐約市立大學生化博士
哥倫比亞大學藥學院碩士研究所
台灣台北醫學院藥學士
",https://www.ly.gov.tw/Pages/List.aspx?nodeid=1452
陳景峻,民主進步黨,"
文化大學行政管理學系畢
國立台灣大學政治學系 碩士
",https://www.ly.gov.tw/Pages/List.aspx?nodeid=1455
黃政哲,台灣團結聯盟,"
聯勤財務經理學校畢業
",https://www.ly.gov.tw/Pages/List.aspx?nodeid=1475
黃敏惠,中國國民黨,"
國立嘉義大學企管碩士在職專班
國立台灣師範大學國文系畢業
宏仁女中
嘉義國中
垂楊國小
",https://www.ly.gov.tw/Pages/List.aspx?nodeid=1480
劉政鴻,中國國民黨,"
竹南高中畢業
文化大學企業公關研習班結業
情報學校士官班結業
革命實踐研究班111期結業
",https://www.ly.gov.tw/Pages/List.aspx?nodeid=1500
劉憶如,親民黨,"
美國芝加哥大學經濟學博士
美國芝加哥大學企業管理碩士
國立台灣大學政治學學士
",https://www.ly.gov.tw/Pages/List.aspx?nodeid=1504
蔡英文,民主進步黨,"
英國倫敦大學政經學院法學博士
美國康乃爾大學法學碩士
台灣大學法律系法學組
",https://www.ly.gov.tw/Pages/List.aspx?nodeid=1510
蔡煌瑯,民主進步黨,"
政治大學行政專科
",https://www.ly.gov.tw/Pages/List.aspx?nodeid=1514
盧天麟,民主進步黨,"
海洋大學工學碩士
",https://www.ly.gov.tw/Pages/List.aspx?nodeid=1521
顧崇廉,親民黨,"
美國海軍戰爭學院畢業
三軍大學海軍學院
海軍官校
台北建國中學
",https://www.ly.gov.tw/Pages/List.aspx?nodeid=1543
